{
  "Alternative": 4.352678571428571,
  "Blues": 87.61160714285714,
  "Country": 35.714285714285715,
  "Dance": 39.0625,
  "Disco": 0.5580357142857143,
  "Electronic": 1.4508928571428572,
  "Folk": 16.40625,
  "Indie": 2.34375,
  "Jazz": 97.65625,
  "Latin": 8.705357142857142,
  "Metal": 4.352678571428571,
  "Pop": 91.40625,
  "Rap": 4.910714285714286,
  "Reggae": 0.78125,
  "Rock": 100
}