{
  "Alternative": 8.908685968819599,
  "Blues": 63.02895322939867,
  "Country": 21.002227171492205,
  "Dance": 20.91314031180401,
  "Disco": 5.501113585746102,
  "Electronic": 2.316258351893096,
  "Folk": 30.089086859688198,
  "Indie": 6.1915367483296215,
  "Jazz": 44.14253897550111,
  "Latin": 3.6302895322939865,
  "Metal": 8.285077951002227,
  "Pop": 75.5456570155902,
  "Rap": 4.387527839643653,
  "Reggae": 2.3830734966592426,
  "Rock": 100
}