{
  "Alternative": 14.218138815609935,
  "Blues": 27.535704539252254,
  "Country": 11.079778040571272,
  "Dance": 20.21286273082871,
  "Disco": 16.474119894478303,
  "Electronic": 6.422268716455927,
  "Folk": 16.965341581006093,
  "Indie": 7.814063494951333,
  "Jazz": 32.13863367597562,
  "Latin": 3.220231056126626,
  "Metal": 13.672336941690165,
  "Pop": 55.82643500409351,
  "Rap": 3.1110706813426727,
  "Reggae": 7.741289911762031,
  "Rock": 100
}