{
  "Alternative": 26.83586704457614,
  "Blues": 15.588765782014944,
  "Country": 9.488533883019839,
  "Dance": 28.30456068023705,
  "Disco": 13.256892553465601,
  "Electronic": 16.96727647513527,
  "Folk": 9.804174181911879,
  "Indie": 14.551661942798248,
  "Jazz": 24.980675083741303,
  "Latin": 3.491368204071116,
  "Metal": 22.55861891265138,
  "Pop": 71.49574851842308,
  "Rap": 6.035815511466117,
  "Reggae": 6.763720690543675,
  "Rock": 100
}