{
  "Alternative": 37.772807157692924,
  "Blues": 19.792299089311392,
  "Country": 13.788145071097619,
  "Dance": 26.294935293177822,
  "Disco": 6.48665921073654,
  "Electronic": 27.93097938967886,
  "Folk": 15.74372903019652,
  "Indie": 25.19252276721521,
  "Jazz": 33.612398146668795,
  "Latin": 6.512222399744368,
  "Metal": 31.76545774085317,
  "Pop": 59.27783991052884,
  "Rap": 13.685892315066306,
  "Reggae": 7.017095382648986,
  "Rock": 100
}