{
  "Alternative": 45.21203373294308,
  "Blues": 10.781444208331664,
  "Country": 10.496772382823464,
  "Dance": 34.228779920612645,
  "Disco": 8.860911751734092,
  "Electronic": 43.386391884848244,
  "Folk": 21.613674939523943,
  "Indie": 47.13256618954065,
  "Jazz": 24.464402656937036,
  "Latin": 5.9500420993544765,
  "Metal": 35.311334750010026,
  "Pop": 68.99081833126178,
  "Rap": 14.025099234192695,
  "Reggae": 6.427168116755542,
  "Rock": 100
}